{
  "filename": "result_1.json",
  "filesize": 345,
  "results": [
    {
      "算法": "FIFO",
      "页面错误": "18",
      "页面命中": "7",
      "错误率": "72%",
      "访问次数": "25"
    },
    {
      "算法": "LRU",
      "页面错误": "70",
      "页面命中": "55",
      "错误率": "56%",
      "访问次数": "125"
    },
    {
      "算法": "CLOCK",
      "页面错误": "70",
      "页面命中": "55",
      "错误率": "56%",
      "访问次数": "125"
    }
  ]
}